Name,Image URL
The Zombie Dandies,https://freemusicarchive.org/file/images/artists/Zombie_Dandies_-_20150309121730437.jpg
Feminine,https://freemusicarchive.org/file/images/artists/Feminine_-_2016121045436641.jpg
Starover Blue,https://freemusicarchive.org/file/images/artists/Starover_Blue_-_20161012150618669.jpg
Monk Turner + Fascinoma,https://freemusicarchive.org/file/images/artists/Monk_Turner__Fascinoma_-_20121231130417574.jpg
The Kyoto Connection,https://freemusicarchive.org/file/images/artists/The_Kyoto_Connection_-_20150410164954138.png
Tours,https://freemusicarchive.org/file/images/artists/Tours_-_20120822132441990.png
Broke For Free,https://freemusicarchive.org/file/images/artists/Broke_For_Free_-_2013011621055318.jpg
Vienna Ditto,https://freemusicarchive.org/file/images/artists/Vienna_Ditto_-_2014072562434907.jpg
Greg Atkinson,https://freemusicarchive.org/file/images/artists/Greg_Atkinson_-_2016090640538282.gif
K.I.R.K,https://freemusicarchive.org/file/images/artists/Jay_Kirk_-_20160425142407613.png
Lozo Musico,https://freemusicarchive.org/file/images/artists/Lozo_Musico_-_20161207151139864.jpg
Ario de Niro,https://freemusicarchive.org/file/images/artists/Ari_de_Niro_-_20161206110029162.jpg
The Homeless Kids,https://freemusicarchive.org/file/images/artists/The_Homeless_Kids_-_2016112094428596.jpg
KieLoBot,https://freemusicarchive.org/file/images/artists/KieLoBot_-_2016082890342036.jpg
SPCZ,https://freemusicarchive.org/file/images/artists/SPCZ_-_2015052644016641.jpg
Trip.Logic,https://freemusicarchive.org/file/images/artists/TripLogic_-_20161101150154407.jpg
BoxCat Games,https://freemusicarchive.org/file/images/artists/BoxCat_Games_-_20130703133250477.png
Black Ant,https://freemusicarchive.org/file/images/artists/Black_Ant_-_20100815203310658.png
Gillicuddy,https://freemusicarchive.org/file/images/artists/Gillicuddy_-_20150103121851574.jpg
The Freak Fandango Orchestra,https://freemusicarchive.org/file/images/artists/The_Freak_Fandango_Orchestra_-_20111108155817686.jpg
Graphiqs Groove,https://freemusicarchive.org/file/images/artists/Graphiqs_Groove_-_20100305161927501.jpg